Enrollment,Name,Count,Total Classes,Percentage
20102001,Itisha Mathane,3,3,100.0
20102036,Anupama Menon,2,3,66.66666666666666
20102106,['Namrata Narkhede'],3,3,100.0
20102203,Sayali Nikam,2,3,66.66666666666666
