Enrollment,Name,Count,Total Classes,Percentage
20102001,Itisha Mathane,12,12,100.0
20102036,Anupama Menon,8,12,66.66666666666666
20102106,['Namrata Narkhede'],12,12,100.0
20102203,Sayali Nikam,8,12,66.66666666666666
